{
    "Background": [
        8088702,
        9706442.7856993675
    ],
    "Left-Accumbens-area": [
        266,
        319.20001268386841
    ],
    "Left-Amygdala": [
        607,
        728.4000289440155
    ],
    "Left-Caudate": [
        2930,
        3516.0001397132874
    ],
    "Left-Hippocampus": [
        3063,
        3675.6001460552216
    ],
    "Left-Pallidum": [
        1447,
        1736.4000689983368
    ],
    "Left-Putamen": [
        4854,
        5824.8002314567566
    ],
    "Left-Thalamus-Proper": [
        6794,
        8152.8003239631653
    ],
    "Right-Accumbens-area": [
        134,
        160.80000638961792
    ],
    "Right-Amygdala": [
        609,
        730.80002903938293
    ],
    "Right-Caudate": [
        3191,
        3829.2001521587372
    ],
    "Right-Hippocampus": [
        1944,
        2332.8000926971436
    ],
    "Right-Pallidum": [
        1497,
        1796.4000713825226
    ],
    "Right-Putamen": [
        4058,
        4869.6001935005188
    ],
    "Right-Thalamus-Proper": [
        6368,
        7641.6003036499023
    ],
    "csf": [
        163864.0,
        196636.8125
    ],
    "gray": [
        492319.0,
        590782.8125
    ],
    "white": [
        386182.0,
        463418.40625
    ]
}