{
    "Background": [
        6909359,
        9673102.4352680445
    ],
    "Left-Accumbens-area": [
        290,
        405.99999308586121
    ],
    "Left-Amygdala": [
        856,
        1198.3999795913696
    ],
    "Left-Caudate": [
        3143,
        4400.1999250650406
    ],
    "Left-Hippocampus": [
        2673,
        3742.1999362707138
    ],
    "Left-Pallidum": [
        1371,
        1919.3999673128128
    ],
    "Left-Putamen": [
        4276,
        5986.3998980522156
    ],
    "Left-Thalamus-Proper": [
        6425,
        8994.9998468160629
    ],
    "Right-Accumbens-area": [
        372,
        520.79999113082886
    ],
    "Right-Amygdala": [
        617,
        863.79998528957367
    ],
    "Right-Caudate": [
        3070,
        4297.9999268054962
    ],
    "Right-Hippocampus": [
        2817,
        3943.7999328374863
    ],
    "Right-Pallidum": [
        1393,
        1950.1999667882919
    ],
    "Right-Putamen": [
        3838,
        5373.1999084949493
    ],
    "Right-Thalamus-Proper": [
        6316,
        8842.3998494148254
    ],
    "csf": [
        141371.0,
        197919.390625
    ],
    "gray": [
        503953.0,
        705534.1875
    ],
    "white": [
        418115.0,
        585361.0
    ]
}