{
    "Background": [
        7172808,
        10041931.028986931
    ],
    "Left-Accumbens-area": [
        497,
        695.79998815059662
    ],
    "Left-Amygdala": [
        753,
        1054.199982047081
    ],
    "Left-Caudate": [
        3139,
        4394.599925160408
    ],
    "Left-Hippocampus": [
        1795,
        2512.9999572038651
    ],
    "Left-Pallidum": [
        1482,
        2074.7999646663666
    ],
    "Left-Putamen": [
        4087,
        5721.7999025583267
    ],
    "Left-Thalamus-Proper": [
        6714,
        9399.599839925766
    ],
    "Right-Accumbens-area": [
        386,
        540.39999079704285
    ],
    "Right-Amygdala": [
        617,
        863.79998528957367
    ],
    "Right-Caudate": [
        3064,
        4289.5999269485474
    ],
    "Right-Hippocampus": [
        2157,
        3019.7999485731125
    ],
    "Right-Pallidum": [
        1262,
        1766.7999699115753
    ],
    "Right-Putamen": [
        3685,
        5158.9999121427536
    ],
    "Right-Thalamus-Proper": [
        6514,
        9119.5998446941376
    ],
    "csf": [
        150141.0,
        210197.390625
    ],
    "gray": [
        384742.0,
        538638.8125
    ],
    "white": [
        359373.0,
        503122.1875
    ]
}